Model,Test Accuracy,Test Loss
Dense Neural Network,0.9794999957084656,0.07042187452316284
Convolutional Neural Network,0.9912999868392944,0.029672609642148018
